{"stats":{"minecraft:dropped":{"minecraft:lime_concrete":2,"minecraft:black_banner":44,"minecraft:lime_stained_glass":2},"minecraft:picked_up":{"minecraft:dark_oak_door":4,"minecraft:cyan_carpet":50,"minecraft:lime_concrete":1,"minecraft:black_banner":44,"minecraft:spruce_door":3,"minecraft:lime_stained_glass":1,"minecraft:red_bed":1},"minecraft:custom":{"minecraft:time_since_rest":56731,"minecraft:crouch_one_cm":6372,"minecraft:sprint_one_cm":74740,"minecraft:play_time":56731,"minecraft:walk_one_cm":24444,"minecraft:sneak_time":2865,"minecraft:drop":8,"minecraft:jump":330,"minecraft:leave_game":15,"minecraft:time_since_death":56731,"minecraft:total_world_time":56731,"minecraft:fall_one_cm":2065,"minecraft:fly_one_cm":317227},"minecraft:used":{"minecraft:orange_stained_glass":1,"minecraft:lime_concrete":19,"minecraft:orange_concrete":9,"minecraft:light_blue_concrete":15,"minecraft:red_concrete":9,"minecraft:yellow_stained_glass":1,"minecraft:lime_stained_glass":1,"minecraft:red_stained_glass":1,"minecraft:cyan_carpet":65,"minecraft:yellow_concrete":10,"minecraft:oak_sign":3,"minecraft:magenta_concrete":1,"minecraft:light_blue_stained_glass":1,"minecraft:beacon":4}},"DataVersion":3953}